{"cameraMode":{"drawMode":0,"name":"Shaded","section":"Shading Mode"},"sceneLighting":false,"audioPlay":false,"sceneViewState":{"m_AlwaysRefresh":false,"showFog":true,"showSkybox":false,"showFlares":true,"showImageEffects":true,"showParticleSystems":true,"showVisualEffectGraphs":true,"m_FxEnabled":true},"in2DMode":false,"pivot":{"x":-0.031396329402923587,"y":-1.276627540588379,"z":5.036944389343262},"rotation":{"x":-0.14809805154800416,"y":0.04656042531132698,"z":-0.006976438220590353,"w":-0.9878606796264648},"size":4.807394981384277,"orthographic":false}