{"cameraMode":{"drawMode":0,"name":"Shaded","section":"Shading Mode"},"sceneLighting":true,"audioPlay":false,"sceneViewState":{"m_AlwaysRefresh":false,"showFog":true,"showSkybox":true,"showFlares":true,"showImageEffects":true,"showParticleSystems":true,"showVisualEffectGraphs":true,"m_FxEnabled":true},"in2DMode":false,"pivot":{"x":12.389427185058594,"y":0.29447460174560549,"z":12.114316940307618},"rotation":{"x":-0.1324630081653595,"y":-0.7688016295433044,"z":0.16889145970344544,"w":-0.6025148034095764},"size":17.410493850708009,"orthographic":false}